SupplierID,SupplierName,ContactName,Phone,Email,Address
2001,Fresh Foods Wholesale,Elena Petrova,+34 882 7947692,elena.petrova@organicharvest.fr,"729 Green St, Sydney, Australia"
2002,Pure Earth Products,Maria Gonzalez,+92 403 2362182,maria.gonzalez@globalorganic.nl,"139 Market Rd, London, UK"
2003,Green Harvest Distributors,John Smith,+60 672 1682356,john.smith@freshfoods.com,"364 Eco Ave, Dubai, UAE"
2004,Healthy Living Suppliers,William Lee,+55 600 4577097,william.lee@pureearth.ca,"701 Market St, Paris, France"
2005,Nature’s Best Supplies,Elena Petrova,+73 903 4259412,elena.petrova@naturalfresh.com,"327 Green St, Berlin, Germany"
2006,Global Organic Sources,Ahmed Khan,+91 783 5028394,ahmed.khan@globalorganic.in,"412 Eco Plaza, Mumbai, India"
2007,Eco-Friendly Traders,Sarah Wong,+86 921 3840291,sarah.wong@ecotrade.hk,"1845 Main St, Hong Kong, China"
2008,Organic Fresh Market,Liam O’Connor,+1 646 3758472,liam.oconnor@organicfresh.us,"590 Oak Lane, New York, USA"
2009,Sustainable Sourcing Ltd,Isabella Rossi,+39 328 7401984,isabella.rossi@sustainablesrc.it,"246 Rome St, Rome, Italy"
2010,Farm to Table Suppliers,Carlos Ramirez,+52 551 8723940,carlos.ramirez@farmtotable.mx,"930 Farm Rd, Mexico City, Mexico"
2011,Fresh Foods Wholesale,Elena Petrova,+34 882 7947692,elena.petrova@organicharvest.fr,"729 Green St, Sydney, Australia"
2012,Pure Earth Products,Maria Gonzalez,+92 403 2362182,maria.gonzalez@globalorganic.nl,"139 Market Rd, London, UK"
2013,Green Harvest Distributors,John Smith,+60 672 1682356,john.smith@freshfoods.com,"364 Eco Ave, Dubai, UAE"
2014,Healthy Living Suppliers,William Lee,+55 600 4577097,william.lee@pureearth.ca,"701 Market St, Paris, France"
2015,Nature’s Best Supplies,Elena Petrova,+73 903 4259412,elena.petrova@naturalfresh.com,"327 Green St, Berlin, Germany"
2016,Global Organic Sources,Ahmed Khan,+91 783 5028394,ahmed.khan@globalorganic.in,"412 Eco Plaza, Mumbai, India"
2017,Eco-Friendly Traders,Sarah Wong,+86 921 3840291,sarah.wong@ecotrade.hk,"1845 Main St, Hong Kong, China"
2018,Organic Fresh Market,Liam O’Connor,+1 646 3758472,liam.oconnor@organicfresh.us,"590 Oak Lane, New York, USA"
2019,Sustainable Sourcing Ltd,Isabella Rossi,+39 328 7401984,isabella.rossi@sustainablesrc.it,"246 Rome St, Rome, Italy"
2020,Farm to Table Suppliers,Carlos Ramirez,+52 551 8723940,carlos.ramirez@farmtotable.mx,"930 Farm Rd, Mexico City, Mexico"
2021,Fresh Foods Wholesale,Elena Petrova,+34 882 7947692,elena.petrova@organicharvest.fr,"729 Green St, Sydney, Australia"
2022,Pure Earth Products,Maria Gonzalez,+92 403 2362182,maria.gonzalez@globalorganic.nl,"139 Market Rd, London, UK"
2023,Green Harvest Distributors,John Smith,+60 672 1682356,john.smith@freshfoods.com,"364 Eco Ave, Dubai, UAE"
2024,Healthy Living Suppliers,William Lee,+55 600 4577097,william.lee@pureearth.ca,"701 Market St, Paris, France"
2025,Nature’s Best Supplies,Elena Petrova,+73 903 4259412,elena.petrova@naturalfresh.com,"327 Green St, Berlin, Germany"
2026,Global Organic Sources,Ahmed Khan,+91 783 5028394,ahmed.khan@globalorganic.in,"412 Eco Plaza, Mumbai, India"
2027,Eco-Friendly Traders,Sarah Wong,+86 921 3840291,sarah.wong@ecotrade.hk,"1845 Main St, Hong Kong, China"
2028,Organic Fresh Market,Liam O’Connor,+1 646 3758472,liam.oconnor@organicfresh.us,"590 Oak Lane, New York, USA"
2029,Sustainable Sourcing Ltd,Isabella Rossi,+39 328 7401984,isabella.rossi@sustainablesrc.it,"246 Rome St, Rome, Italy"
2030,Farm to Table Suppliers,Carlos Ramirez,+52 551 8723940,carlos.ramirez@farmtotable.mx,"930 Farm Rd, Mexico City, Mexico"
2031,Fresh Foods Wholesale,Elena Petrova,+34 882 7947692,elena.petrova@organicharvest.fr,"729 Green St, Sydney, Australia"
2032,Pure Earth Products,Maria Gonzalez,+92 403 2362182,maria.gonzalez@globalorganic.nl,"139 Market Rd, London, UK"
2033,Green Harvest Distributors,John Smith,+60 672 1682356,john.smith@freshfoods.com,"364 Eco Ave, Dubai, UAE"
2034,Healthy Living Suppliers,William Lee,+55 600 4577097,william.lee@pureearth.ca,"701 Market St, Paris, France"
2035,Nature’s Best Supplies,Elena Petrova,+73 903 4259412,elena.petrova@naturalfresh.com,"327 Green St, Berlin, Germany"
2036,Global Organic Sources,Ahmed Khan,+91 783 5028394,ahmed.khan@globalorganic.in,"412 Eco Plaza, Mumbai, India"
2037,Eco-Friendly Traders,Sarah Wong,+86 921 3840291,sarah.wong@ecotrade.hk,"1845 Main St, Hong Kong, China"
2038,Organic Fresh Market,Liam O’Connor,+1 646 3758472,liam.oconnor@organicfresh.us,"590 Oak Lane, New York, USA"
2039,Sustainable Sourcing Ltd,Isabella Rossi,+39 328 7401984,isabella.rossi@sustainablesrc.it,"246 Rome St, Rome, Italy"
2040,Farm to Table Suppliers,Carlos Ramirez,+52 551 8723940,carlos.ramirez@farmtotable.mx,"930 Farm Rd, Mexico City, Mexico"
2041,Fresh Foods Wholesale,Elena Petrova,+34 882 7947692,elena.petrova@organicharvest.fr,"729 Green St, Sydney, Australia"
2042,Pure Earth Products,Maria Gonzalez,+92 403 2362182,maria.gonzalez@globalorganic.nl,"139 Market Rd, London, UK"
2043,Green Harvest Distributors,John Smith,+60 672 1682356,john.smith@freshfoods.com,"364 Eco Ave, Dubai, UAE"
2044,Healthy Living Suppliers,William Lee,+55 600 4577097,william.lee@pureearth.ca,"701 Market St, Paris, France"
2045,Nature’s Best Supplies,Elena Petrova,+73 903 4259412,elena.petrova@naturalfresh.com,"327 Green St, Berlin, Germany"
2046,Global Organic Sources,Ahmed Khan,+91 783 5028394,ahmed.khan@globalorganic.in,"412 Eco Plaza, Mumbai, India"
2047,Eco-Friendly Traders,Sarah Wong,+86 921 3840291,sarah.wong@ecotrade.hk,"1845 Main St, Hong Kong, China"
2048,Organic Fresh Market,Liam O’Connor,+1 646 3758472,liam.oconnor@organicfresh.us,"590 Oak Lane, New York, USA"
2049,Sustainable Sourcing Ltd,Isabella Rossi,+39 328 7401984,isabella.rossi@sustainablesrc.it,"246 Rome St, Rome, Italy"
2050,Farm to Table Suppliers,Carlos Ramirez,+52 551 8723940,carlos.ramirez@farmtotable.mx,"930 Farm Rd, Mexico City, Mexico"
2051,Fresh Foods Wholesale,Elena Petrova,+34 882 7947692,elena.petrova@organicharvest.fr,"729 Green St, Sydney, Australia"
2052,Pure Earth Products,Maria Gonzalez,+92 403 2362182,maria.gonzalez@globalorganic.nl,"139 Market Rd, London, UK"
2053,Green Harvest Distributors,John Smith,+60 672 1682356,john.smith@freshfoods.com,"364 Eco Ave, Dubai, UAE"
2054,Healthy Living Suppliers,William Lee,+55 600 4577097,william.lee@pureearth.ca,"701 Market St, Paris, France"
2055,Nature’s Best Supplies,Elena Petrova,+73 903 4259412,elena.petrova@naturalfresh.com,"327 Green St, Berlin, Germany"
2056,Global Organic Sources,Ahmed Khan,+91 783 5028394,ahmed.khan@globalorganic.in,"412 Eco Plaza, Mumbai, India"
2057,Eco-Friendly Traders,Sarah Wong,+86 921 3840291,sarah.wong@ecotrade.hk,"1845 Main St, Hong Kong, China"
2058,Organic Fresh Market,Liam O’Connor,+1 646 3758472,liam.oconnor@organicfresh.us,"590 Oak Lane, New York, USA"
2059,Sustainable Sourcing Ltd,Isabella Rossi,+39 328 7401984,isabella.rossi@sustainablesrc.it,"246 Rome St, Rome, Italy"
2060,Farm to Table Suppliers,Carlos Ramirez,+52 551 8723940,carlos.ramirez@farmtotable.mx,"930 Farm Rd, Mexico City, Mexico"
2061,Fresh Foods Wholesale,Elena Petrova,+34 882 7947692,elena.petrova@organicharvest.fr,"729 Green St, Sydney, Australia"
2062,Pure Earth Products,Maria Gonzalez,+92 403 2362182,maria.gonzalez@globalorganic.nl,"139 Market Rd, London, UK"
2063,Green Harvest Distributors,John Smith,+60 672 1682356,john.smith@freshfoods.com,"364 Eco Ave, Dubai, UAE"
2064,Healthy Living Suppliers,William Lee,+55 600 4577097,william.lee@pureearth.ca,"701 Market St, Paris, France"
2065,Nature’s Best Supplies,Elena Petrova,+73 903 4259412,elena.petrova@naturalfresh.com,"327 Green St, Berlin, Germany"
2066,Global Organic Sources,Ahmed Khan,+91 783 5028394,ahmed.khan@globalorganic.in,"412 Eco Plaza, Mumbai, India"
2067,Eco-Friendly Traders,Sarah Wong,+86 921 3840291,sarah.wong@ecotrade.hk,"1845 Main St, Hong Kong, China"
2068,Organic Fresh Market,Liam O’Connor,+1 646 3758472,liam.oconnor@organicfresh.us,"590 Oak Lane, New York, USA"
2069,Sustainable Sourcing Ltd,Isabella Rossi,+39 328 7401984,isabella.rossi@sustainablesrc.it,"246 Rome St, Rome, Italy"
2070,Farm to Table Suppliers,Carlos Ramirez,+52 551 8723940,carlos.ramirez@farmtotable.mx,"930 Farm Rd, Mexico City, Mexico"
2071,Fresh Foods Wholesale,Elena Petrova,+34 882 7947692,elena.petrova@organicharvest.fr,"729 Green St, Sydney, Australia"
2072,Pure Earth Products,Maria Gonzalez,+92 403 2362182,maria.gonzalez@globalorganic.nl,"139 Market Rd, London, UK"
2073,Green Harvest Distributors,John Smith,+60 672 1682356,john.smith@freshfoods.com,"364 Eco Ave, Dubai, UAE"
2074,Healthy Living Suppliers,William Lee,+55 600 4577097,william.lee@pureearth.ca,"701 Market St, Paris, France"
2075,Nature’s Best Supplies,Elena Petrova,+73 903 4259412,elena.petrova@naturalfresh.com,"327 Green St, Berlin, Germany"
2076,Global Organic Sources,Ahmed Khan,+91 783 5028394,ahmed.khan@globalorganic.in,"412 Eco Plaza, Mumbai, India"
2077,Eco-Friendly Traders,Sarah Wong,+86 921 3840291,sarah.wong@ecotrade.hk,"1845 Main St, Hong Kong, China"
2078,Organic Fresh Market,Liam O’Connor,+1 646 3758472,liam.oconnor@organicfresh.us,"590 Oak Lane, New York, USA"
2079,Sustainable Sourcing Ltd,Isabella Rossi,+39 328 7401984,isabella.rossi@sustainablesrc.it,"246 Rome St, Rome, Italy"
2080,Farm to Table Suppliers,Carlos Ramirez,+52 551 8723940,carlos.ramirez@farmtotable.mx,"930 Farm Rd, Mexico City, Mexico"
2081,Fresh Foods Wholesale,Elena Petrova,+34 882 7947692,elena.petrova@organicharvest.fr,"729 Green St, Sydney, Australia"
2082,Pure Earth Products,Maria Gonzalez,+92 403 2362182,maria.gonzalez@globalorganic.nl,"139 Market Rd, London, UK"
2083,Green Harvest Distributors,John Smith,+60 672 1682356,john.smith@freshfoods.com,"364 Eco Ave, Dubai, UAE"
2084,Healthy Living Suppliers,William Lee,+55 600 4577097,william.lee@pureearth.ca,"701 Market St, Paris, France"
2085,Nature’s Best Supplies,Elena Petrova,+73 903 4259412,elena.petrova@naturalfresh.com,"327 Green St, Berlin, Germany"
2086,Global Organic Sources,Ahmed Khan,+91 783 5028394,ahmed.khan@globalorganic.in,"412 Eco Plaza, Mumbai, India"
2087,Eco-Friendly Traders,Sarah Wong,+86 921 3840291,sarah.wong@ecotrade.hk,"1845 Main St, Hong Kong, China"
2088,Organic Fresh Market,Liam O’Connor,+1 646 3758472,liam.oconnor@organicfresh.us,"590 Oak Lane, New York, USA"
2089,Sustainable Sourcing Ltd,Isabella Rossi,+39 328 7401984,isabella.rossi@sustainablesrc.it,"246 Rome St, Rome, Italy"
2090,Farm to Table Suppliers,Carlos Ramirez,+52 551 8723940,carlos.ramirez@farmtotable.mx,"930 Farm Rd, Mexico City, Mexico"
2091,Fresh Foods Wholesale,Elena Petrova,+34 882 7947692,elena.petrova@organicharvest.fr,"729 Green St, Sydney, Australia"
2092,Pure Earth Products,Maria Gonzalez,+92 403 2362182,maria.gonzalez@globalorganic.nl,"139 Market Rd, London, UK"
2093,Green Harvest Distributors,John Smith,+60 672 1682356,john.smith@freshfoods.com,"364 Eco Ave, Dubai, UAE"
2094,Healthy Living Suppliers,William Lee,+55 600 4577097,william.lee@pureearth.ca,"701 Market St, Paris, France"
2095,Nature’s Best Supplies,Elena Petrova,+73 903 4259412,elena.petrova@naturalfresh.com,"327 Green St, Berlin, Germany"
2096,Global Organic Sources,Ahmed Khan,+91 783 5028394,ahmed.khan@globalorganic.in,"412 Eco Plaza, Mumbai, India"
2097,Eco-Friendly Traders,Sarah Wong,+86 921 3840291,sarah.wong@ecotrade.hk,"1845 Main St, Hong Kong, China"
2098,Organic Fresh Market,Liam O’Connor,+1 646 3758472,liam.oconnor@organicfresh.us,"590 Oak Lane, New York, USA"
2099,Sustainable Sourcing Ltd,Isabella Rossi,+39 328 7401984,isabella.rossi@sustainablesrc.it,"246 Rome St, Rome, Italy"
2100,Farm to Table Suppliers,Carlos Ramirez,+52 551 8723940,carlos.ramirez@farmtotable.mx,"930 Farm Rd, Mexico City, Mexico"
